{
	"loss": [
		1.0238656997680664,
		0.8708735108375549,
		0.8302038908004761,
		0.7887952327728271,
		0.76548171043396,
		0.742724597454071,
		0.7198678255081177,
		0.710643470287323,
		0.6980776786804199,
		0.6838667392730713,
		0.6675035357475281,
		0.6598077416419983,
		0.6451894044876099,
		0.636121928691864,
		0.6260368824005127,
		0.6196166276931763,
		0.6147432923316956,
		0.60967618227005,
		0.5980933904647827,
		0.5886262655258179,
		0.5852740406990051,
		0.5777633190155029,
		0.5716232061386108,
		0.5698796510696411,
		0.5608736872673035,
		0.5568651556968689,
		0.5548387765884399,
		0.5440167188644409,
		0.5398231148719788,
		0.5427244305610657,
		0.5313253998756409,
		0.5328059196472168,
		0.5235826969146729,
		0.5210188031196594,
		0.5198485255241394,
		0.5171039700508118,
		0.5176213383674622,
		0.5076860785484314
	],
	"val_loss": [
		0.9042794704437256,
		0.8526399731636047,
		0.8112371563911438,
		0.7793978452682495,
		0.7756108641624451,
		0.7578489184379578,
		0.7593013048171997,
		0.7175707221031189,
		0.7336680889129639,
		0.7173949480056763,
		0.7284575700759888,
		0.68844074010849,
		0.6751626133918762,
		0.6884846687316895,
		0.6832032203674316,
		0.6718646883964539,
		0.6702702045440674,
		0.6732974052429199,
		0.6577025651931763,
		0.6443781852722168,
		0.6528043746948242,
		0.6472111940383911,
		0.627464771270752,
		0.6488105654716492,
		0.6231356859207153,
		0.6218488812446594,
		0.6183257699012756,
		0.6202044486999512,
		0.6187018156051636,
		0.6086049675941467,
		0.6157938838005066,
		0.6207947731018066,
		0.5928891897201538,
		0.618331789970398,
		0.6114178895950317,
		0.6112719774246216,
		0.599066436290741,
		0.6025876998901367
	],
	"MulticlassAccuracy": [
		0.5590118169784546,
		0.6231318116188049,
		0.643577516078949,
		0.6636313796043396,
		0.6734819412231445,
		0.6848348379135132,
		0.694006085395813,
		0.6964360475540161,
		0.7012568116188049,
		0.7111073136329651,
		0.7164506912231445,
		0.7220291495323181,
		0.7284960150718689,
		0.7320364713668823,
		0.7370793223381042,
		0.7410247921943665,
		0.7421875,
		0.7435722947120667,
		0.7498040199279785,
		0.7517767548561096,
		0.7546640038490295,
		0.7568196058273315,
		0.7603861689567566,
		0.7616273164749146,
		0.7665786743164062,
		0.7668269276618958,
		0.7698839902877808,
		0.7746785879135132,
		0.7740384340286255,
		0.7740776538848877,
		0.7786893844604492,
		0.7779055237770081,
		0.7825042009353638,
		0.7850778698921204,
		0.7829222083091736,
		0.7847381830215454,
		0.7849472165107727,
		0.7886836528778076
	],
	"MulticlassF1Score": [
		0.5590118169784546,
		0.6231318116188049,
		0.643577516078949,
		0.6636313796043396,
		0.6734819412231445,
		0.6848348379135132,
		0.694006085395813,
		0.6964360475540161,
		0.7012568116188049,
		0.7111073136329651,
		0.7164506912231445,
		0.7220291495323181,
		0.7284960150718689,
		0.7320364713668823,
		0.7370793223381042,
		0.7410247921943665,
		0.7421875,
		0.7435722947120667,
		0.7498040199279785,
		0.7517767548561096,
		0.7546640038490295,
		0.7568196058273315,
		0.7603861689567566,
		0.7616273164749146,
		0.7665786743164062,
		0.7668269276618958,
		0.7698839902877808,
		0.7746785879135132,
		0.7740384340286255,
		0.7740776538848877,
		0.7786893844604492,
		0.7779055237770081,
		0.7825042009353638,
		0.7850778698921204,
		0.7829222083091736,
		0.7847381830215454,
		0.7849472165107727,
		0.7886836528778076
	],
	"val_MulticlassAccuracy": [
		0.6060697436332703,
		0.6277043223381042,
		0.6539213061332703,
		0.6709735989570618,
		0.6726261973381042,
		0.6800631284713745,
		0.674729585647583,
		0.698091983795166,
		0.689453125,
		0.6998948454856873,
		0.6930589079856873,
		0.7101112008094788,
		0.7168720364570618,
		0.7092097401618958,
		0.7164213061332703,
		0.716571569442749,
		0.7163462042808533,
		0.7178485989570618,
		0.7219802141189575,
		0.7270883917808533,
		0.7262620329856873,
		0.730393648147583,
		0.737154483795166,
		0.726487398147583,
		0.7426382303237915,
		0.7417368292808533,
		0.7443659901618958,
		0.7427884936332703,
		0.7386568784713745,
		0.7484976053237915,
		0.745868444442749,
		0.7417368292808533,
		0.7521784901618958,
		0.7463191151618958,
		0.746995210647583,
		0.749849796295166,
		0.754657506942749,
		0.7512770891189575
	],
	"val_MulticlassF1Score": [
		0.6060697436332703,
		0.6277043223381042,
		0.6539213061332703,
		0.6709735989570618,
		0.6726261973381042,
		0.6800631284713745,
		0.674729585647583,
		0.698091983795166,
		0.689453125,
		0.6998948454856873,
		0.6930589079856873,
		0.7101112008094788,
		0.7168720364570618,
		0.7092097401618958,
		0.7164213061332703,
		0.716571569442749,
		0.7163462042808533,
		0.7178485989570618,
		0.7219802141189575,
		0.7270883917808533,
		0.7262620329856873,
		0.730393648147583,
		0.737154483795166,
		0.726487398147583,
		0.7426382303237915,
		0.7417368292808533,
		0.7443659901618958,
		0.7427884936332703,
		0.7386568784713745,
		0.7484976053237915,
		0.745868444442749,
		0.7417368292808533,
		0.7521784901618958,
		0.7463191151618958,
		0.746995210647583,
		0.749849796295166,
		0.754657506942749,
		0.7512770891189575
	]
}