{
	"loss": [
		1.111358880996704,
		0.984831690788269,
		0.9666220545768738,
		0.9721104502677917,
		0.9740554690361023,
		0.954698920249939,
		0.9044167399406433,
		0.8757017850875854,
		0.8994328379631042,
		0.8604061603546143,
		0.8539213538169861,
		0.8171365261077881,
		0.8055140376091003,
		0.8412854075431824,
		0.8132030367851257,
		0.8245937824249268,
		0.777783989906311,
		0.8299636244773865,
		0.7877756953239441,
		0.7720233798027039,
		0.7549294233322144
	],
	"val_loss": [
		1.131670355796814,
		1.11757493019104,
		1.1178468465805054,
		1.0781068801879883,
		1.1867386102676392,
		1.0221787691116333,
		1.1338152885437012,
		1.062058448791504,
		0.999527633190155,
		1.029111385345459,
		1.0115416049957275,
		1.0570744276046753,
		1.0452251434326172,
		1.0871942043304443,
		1.1664944887161255,
		1.0072351694107056,
		0.9523770213127136,
		1.0397021770477295,
		1.096864938735962,
		1.1286343336105347,
		0.9610063433647156
	],
	"MulticlassAccuracy": [
		0.7510517835617065,
		0.7962605953216553,
		0.7867722511291504,
		0.7882431745529175,
		0.7725024223327637,
		0.8101210594177246,
		0.8230316042900085,
		0.816356360912323,
		0.8014782667160034,
		0.8425933718681335,
		0.8356496095657349,
		0.8490986824035645,
		0.8659907579421997,
		0.8391598463058472,
		0.8738498091697693,
		0.8326317667961121,
		0.8784403800964355,
		0.8468660712242126,
		0.8444725871086121,
		0.8741583228111267,
		0.8912509679794312
	],
	"MulticlassF1Score": [
		0.7510517835617065,
		0.7962605953216553,
		0.7867722511291504,
		0.7882431745529175,
		0.7725024223327637,
		0.8101210594177246,
		0.8230316042900085,
		0.816356360912323,
		0.8014782667160034,
		0.8425933718681335,
		0.8356496095657349,
		0.8490986824035645,
		0.8659907579421997,
		0.8391598463058472,
		0.8738498091697693,
		0.8326317667961121,
		0.8784403800964355,
		0.8468660712242126,
		0.8444725871086121,
		0.8741583228111267,
		0.8912509679794312
	],
	"val_MulticlassAccuracy": [
		0.8144280314445496,
		0.8147587776184082,
		0.775759756565094,
		0.8165722489356995,
		0.8166679739952087,
		0.8692893385887146,
		0.8123681545257568,
		0.8309433460235596,
		0.8722587823867798,
		0.8548889756202698,
		0.8772106170654297,
		0.8232467770576477,
		0.8552669286727905,
		0.8486764430999756,
		0.8251858353614807,
		0.8374450206756592,
		0.9124231934547424,
		0.8740732669830322,
		0.8867383003234863,
		0.8332955837249756,
		0.9203293919563293
	],
	"val_MulticlassF1Score": [
		0.8144280314445496,
		0.8147587776184082,
		0.775759756565094,
		0.8165722489356995,
		0.8166679739952087,
		0.8692893385887146,
		0.8123681545257568,
		0.8309433460235596,
		0.8722587823867798,
		0.8548889756202698,
		0.8772106170654297,
		0.8232467770576477,
		0.8552669286727905,
		0.8486764430999756,
		0.8251858353614807,
		0.8374450206756592,
		0.9124231934547424,
		0.8740732669830322,
		0.8867383003234863,
		0.8332955837249756,
		0.9203293919563293
	]
}