{
    "loss": [
        2.3569185733795166,
        1.1515088081359863,
        1.1032594442367554,
        1.069494605064392,
        1.058809757232666,
        1.030821442604065,
        1.0281773805618286,
        1.0140451192855835,
        1.0175974369049072,
        1.0075832605361938,
        0.9970152974128723,
        0.9930543899536133,
        0.9923946857452393,
        0.9914868474006653,
        0.9867358803749084,
        0.9801474809646606,
        0.9734610319137573,
        0.9662245512008667,
        0.9818801879882812,
        0.9757460355758667,
        0.9569683074951172,
        0.9660133719444275,
        0.9617749452590942,
        0.9646904468536377,
        0.9558775424957275,
        0.9640095233917236,
        0.9507962465286255,
        0.9531614780426025,
        0.9543401002883911,
        0.9542413353919983
    ],
    "val_loss": [
        1.085726261138916,
        1.052665114402771,
        1.0520154237747192,
        1.0293397903442383,
        1.004438877105713,
        0.9880412220954895,
        0.9976000189781189,
        1.01730477809906,
        1.0142009258270264,
        0.9738097786903381,
        1.0092692375183105,
        1.000872015953064,
        1.0081348419189453,
        1.0065854787826538,
        1.0080934762954712,
        0.9708026051521301,
        1.0128148794174194,
        0.9736964702606201,
        1.0028767585754395,
        0.9956366419792175,
        0.9883180260658264,
        0.9883354902267456,
        0.9826240539550781,
        0.9601568579673767,
        0.9855418801307678,
        0.9754876494407654,
        0.992888331413269,
        0.9707213640213013,
        0.986301600933075,
        1.0050276517868042
    ],
    "MulticlassAccuracy": [
        0.4124891493055556,
        0.4928927951388889,
        0.5117730034722222,
        0.5280490451388888,
        0.5393337673611112,
        0.5547146267361112,
        0.5553114149305556,
        0.5606553819444444,
        0.5571017795138888,
        0.5658094618055556,
        0.5671657986111112,
        0.5700954861111112,
        0.5691731770833334,
        0.5801866319444444,
        0.5726725260416666,
        0.5811089409722222,
        0.5848253038194444,
        0.5857476128472222,
        0.5830620659722222,
        0.5830620659722222,
        0.593505859375,
        0.5852864583333334,
        0.58447265625,
        0.5894911024305556,
        0.5902777777777778,
        0.5888671875,
        0.5965711805555556,
        0.5938585069444444,
        0.5944010416666666,
        0.5933430989583334
    ],
    "MulticlassF1Score": [
        0.4124891493055556,
        0.4928927951388889,
        0.5117730034722222,
        0.5280490451388888,
        0.5393337673611112,
        0.5547146267361112,
        0.5553114149305556,
        0.5606553819444444,
        0.5571017795138888,
        0.5658094618055556,
        0.5671657986111112,
        0.5700954861111112,
        0.5691731770833334,
        0.5801866319444444,
        0.5726725260416666,
        0.5811089409722222,
        0.5848253038194444,
        0.5857476128472222,
        0.5830620659722222,
        0.5830620659722222,
        0.593505859375,
        0.5852864583333334,
        0.58447265625,
        0.5894911024305556,
        0.5902777777777778,
        0.5888671875,
        0.5965711805555556,
        0.5938585069444444,
        0.5944010416666666,
        0.5933430989583334
    ],
    "val_MulticlassAccuracy": [
        0.5384375,
        0.55921875,
        0.5665625,
        0.57203125,
        0.573125,
        0.57296875,
        0.58234375,
        0.5528125,
        0.5628125,
        0.588125,
        0.56046875,
        0.5625,
        0.55890625,
        0.5715625,
        0.5621875,
        0.59515625,
        0.57109375,
        0.57734375,
        0.565,
        0.57453125,
        0.57578125,
        0.5821875,
        0.58171875,
        0.5784375,
        0.5721875,
        0.5853125,
        0.5771875,
        0.58546875,
        0.58796875,
        0.5603125
    ],
    "val_MulticlassF1Score": [
        0.5384375,
        0.55921875,
        0.5665625,
        0.57203125,
        0.573125,
        0.57296875,
        0.58234375,
        0.5528125,
        0.5628125,
        0.588125,
        0.56046875,
        0.5625,
        0.55890625,
        0.5715625,
        0.5621875,
        0.59515625,
        0.57109375,
        0.57734375,
        0.565,
        0.57453125,
        0.57578125,
        0.5821875,
        0.58171875,
        0.5784375,
        0.5721875,
        0.5853125,
        0.5771875,
        0.58546875,
        0.58796875,
        0.5603125
    ]
}